time_of_day,human_readable_time,app_name,activity,geofenced_location
0.0009016783132912431,12:01 AM,whatsapp,still,home
0.0021713666607678928,12:03 AM,whatsapp,still,home
0.0026156380506748844,12:03 AM,whatsapp,still,home
0.0027975178084399532,12:04 AM,email,still,home
0.003123005613832386,12:04 AM,email,still,home
0.006006731175340341,12:08 AM,email,still,home
0.006390117285690389,12:09 AM,email,still,home
0.006752641553087524,12:09 AM,email,still,home
0.0069732090817751224,12:10 AM,email,still,home
0.009403720904475055,12:13 AM,email,still,home
0.012776091896900876,12:18 AM,email,still,home
0.013383146984591754,12:19 AM,email,still,home
0.013736806393289114,12:19 AM,whatsapp,still,home
0.01506518655098199,12:21 AM,whatsapp,still,home
0.015477858559046598,12:22 AM,email,still,home
0.01552404420239284,12:22 AM,email,still,home
0.017172240786550108,12:24 AM,email,still,home
0.01721555469763003,12:24 AM,whatsapp,still,home
0.01795129500077186,12:25 AM,whatsapp,still,home
0.018251887958191992,12:26 AM,email,still,home
0.018864442687279714,12:27 AM,whatsapp,still,home
0.01927444510532761,12:27 AM,whatsapp,still,home
0.019628718982784288,12:28 AM,whatsapp,still,home
0.02131677769490925,12:30 AM,email,still,home
0.021756414081106623,12:31 AM,whatsapp,still,home
0.021922872030238905,12:31 AM,email,still,home
0.021926559081367092,12:31 AM,whatsapp,still,home
0.022693808285788708,12:32 AM,email,still,home
0.023034502170417026,12:33 AM,whatsapp,still,home
0.02320217845880823,12:33 AM,email,still,home
0.024464331389374316,12:35 AM,whatsapp,still,home
0.028318586521610678,12:40 AM,email,still,home
0.02989171770807597,12:43 AM,whatsapp,still,home
0.030004650268166344,12:43 AM,email,still,home
0.03187758807058472,12:45 AM,email,still,home
0.03322910127367307,12:47 AM,whatsapp,still,home
0.034095373075263335,12:49 AM,email,still,home
0.034166760808941654,12:49 AM,whatsapp,still,home
0.03491997339109032,12:50 AM,email,still,home
0.03628624757797261,12:52 AM,email,still,home
0.03891666107385838,12:56 AM,email,still,home
0.04076702797289544,12:58 AM,email,still,home
0.04093966361761925,12:58 AM,email,still,home
0.040972807833531966,12:59 AM,email,still,home
0.042467032819381245,1:01 AM,whatsapp,still,home
0.04297994931476479,1:01 AM,whatsapp,still,home
0.04341125807880297,1:02 AM,whatsapp,still,home
0.043422777873324936,1:02 AM,email,still,home
0.0445021919804679,1:04 AM,whatsapp,still,home
0.04526292012980149,1:05 AM,whatsapp,still,home
0.04575727092148263,1:05 AM,email,still,home
0.04590712128576402,1:06 AM,whatsapp,still,home
0.0462496509145508,1:06 AM,whatsapp,still,home
0.046573272863229764,1:07 AM,whatsapp,still,home
0.04692921425545504,1:07 AM,whatsapp,still,home
0.049896490610526034,1:11 AM,email,still,home
0.0507783296639972,1:13 AM,email,still,home
0.051792292671172135,1:14 AM,whatsapp,still,home
0.055302143791531644,1:19 AM,email,still,home
0.056575044966043486,1:21 AM,email,still,home
0.0570455174549056,1:22 AM,whatsapp,still,home
0.057364188929787785,1:22 AM,whatsapp,still,home
0.0583066589815171,1:23 AM,email,still,home
0.059086791913510184,1:25 AM,whatsapp,still,home
0.059720370348965934,1:25 AM,email,still,home
0.06019112280084882,1:26 AM,whatsapp,still,home
0.061032425815463975,1:27 AM,whatsapp,still,home
0.06109251008831129,1:27 AM,whatsapp,still,home
0.06254193344315184,1:30 AM,email,still,home
0.0641353595343962,1:32 AM,email,still,home
0.06422828158174343,1:32 AM,whatsapp,still,home
0.0645915562904621,1:33 AM,email,still,home
0.0673658780346541,1:37 AM,whatsapp,still,home
0.06848442711518687,1:38 AM,email,still,home
0.07287388514112758,1:44 AM,email,still,home
0.07380757864286347,1:46 AM,whatsapp,still,home
0.0760585213126288,1:49 AM,whatsapp,still,home
0.07665198924800198,1:50 AM,whatsapp,still,home
0.07758825918285273,1:51 AM,whatsapp,still,home
0.0781977478564373,1:52 AM,whatsapp,still,home
0.08076266739473503,1:56 AM,email,still,home
0.08251072408868054,1:58 AM,email,still,home
0.0839230479538533,2:00 AM,whatsapp,still,home
0.08514785939097758,2:02 AM,email,still,home
0.08607413224305682,2:03 AM,whatsapp,still,home
0.08804600024515374,2:06 AM,whatsapp,still,home
0.0886883238080991,2:07 AM,email,still,home
0.08895457784264582,2:08 AM,email,still,home
0.09045206970746755,2:10 AM,email,still,home
0.09061316250226314,2:10 AM,email,still,home
0.09156035780083016,2:11 AM,whatsapp,still,home
0.09318664100122942,2:14 AM,email,still,home
0.09497232120010457,2:16 AM,email,still,home
0.09558793715013636,2:17 AM,email,still,home
0.09575363525028635,2:17 AM,email,still,home
0.09673230407686184,2:19 AM,whatsapp,still,home
0.09676601393802997,2:19 AM,whatsapp,still,home
0.09685851740364682,2:19 AM,whatsapp,still,home
0.09705418923631648,2:19 AM,whatsapp,still,home
0.09718641557118668,2:19 AM,email,still,home
0.09719799092747106,2:19 AM,whatsapp,still,home
0.09732642096152178,2:20 AM,email,still,home
0.09768495729190274,2:20 AM,whatsapp,still,home
0.09785654325087267,2:20 AM,email,still,home
0.09798147988392414,2:21 AM,email,still,home
0.09852030783227506,2:21 AM,whatsapp,still,home
0.09870408041739454,2:22 AM,whatsapp,still,home
0.09916606462151101,2:22 AM,email,still,home
0.09952923309192707,2:23 AM,email,still,home
0.10040799494073505,2:24 AM,email,still,home
0.10065881875458726,2:24 AM,email,still,home
0.10110030030645123,2:25 AM,email,still,home
0.10171616147558171,2:26 AM,whatsapp,still,home
0.10293465211163155,2:28 AM,email,still,home
0.1032050120215855,2:28 AM,email,still,home
0.10782490989906346,2:35 AM,email,still,home
0.11003790977719807,2:38 AM,whatsapp,still,home
0.11030766211128373,2:38 AM,email,still,home
0.11035196326554064,2:38 AM,email,still,home
0.11042387242904927,2:39 AM,email,still,home
0.11091762395941918,2:39 AM,whatsapp,still,home
0.11318114136602564,2:42 AM,whatsapp,still,home
0.1132119404450419,2:43 AM,whatsapp,still,home
0.11338199765983203,2:43 AM,email,still,home
0.1136253089968342,2:43 AM,whatsapp,still,home
0.11395732097268285,2:44 AM,whatsapp,still,home
0.11431302726034331,2:44 AM,email,still,home
0.11466559539854682,2:45 AM,whatsapp,still,home
0.11467946703610288,2:45 AM,email,still,home
0.1155619728777395,2:46 AM,whatsapp,still,home
0.11579243883725776,2:46 AM,email,still,home
0.11622980362926849,2:47 AM,whatsapp,still,home
0.11804372192531187,2:49 AM,whatsapp,still,home
0.11835569486720621,2:50 AM,email,still,home
0.1185700575373162,2:50 AM,whatsapp,still,home
0.1188193137649699,2:51 AM,whatsapp,still,home
0.11909128069018149,2:51 AM,whatsapp,still,home
0.1200775548889178,2:52 AM,email,still,home
0.12118842674007713,2:54 AM,email,still,home
0.12189255444184299,2:55 AM,email,still,home
0.12507975198848653,3:00 AM,email,still,home
0.127034047068035,3:02 AM,whatsapp,still,home
0.12839370530176297,3:04 AM,whatsapp,still,home
0.130180082257508,3:07 AM,whatsapp,still,home
0.1314199299976494,3:09 AM,whatsapp,still,home
0.13312446378694698,3:11 AM,email,still,home
0.13391696273109832,3:12 AM,email,still,home
0.13441991275927068,3:13 AM,whatsapp,still,home
0.13448493331932787,3:13 AM,whatsapp,still,home
0.13450143432879313,3:13 AM,email,still,home
0.13546487928159212,3:15 AM,email,still,home
0.1370254474704009,3:17 AM,email,still,home
0.1372782398218949,3:17 AM,whatsapp,still,home
0.13876659726311058,3:19 AM,email,still,home
0.1405789008588071,3:22 AM,email,still,home
0.14166429822438753,3:23 AM,whatsapp,still,home
0.1427645588764781,3:25 AM,email,still,home
0.14282569014671842,3:25 AM,whatsapp,still,home
0.14302971890804894,3:25 AM,whatsapp,still,home
0.14441036305627197,3:27 AM,email,still,home
0.14450392733995643,3:28 AM,whatsapp,still,home
0.146047476697315,3:30 AM,whatsapp,still,home
0.1468485051789139,3:31 AM,whatsapp,still,home
0.14735569205645793,3:32 AM,email,still,home
0.14816958725457519,3:33 AM,whatsapp,still,home
0.14992787689981224,3:35 AM,email,still,home
0.15018788791418736,3:36 AM,whatsapp,still,home
0.15217764512956689,3:39 AM,email,still,home
0.15221521893312062,3:39 AM,email,still,home
0.15318484251707054,3:40 AM,whatsapp,still,home
0.15415973158916685,3:41 AM,email,still,home
0.15551264117343544,3:43 AM,email,still,home
0.15573842180677244,3:44 AM,email,still,home
0.15591371254541553,3:44 AM,whatsapp,still,home
0.15713644083988787,3:46 AM,email,still,home
0.1599015024387258,3:50 AM,whatsapp,still,home
0.16199713066566335,3:53 AM,email,still,home
0.1637850998722591,3:55 AM,whatsapp,still,home
0.16409160230057285,3:56 AM,whatsapp,still,home
0.1646797028457706,3:57 AM,whatsapp,still,home
0.16483159916295953,3:57 AM,email,still,home
0.16507538624005602,3:57 AM,whatsapp,still,home
0.1658335930927063,3:58 AM,whatsapp,still,home
0.16731542707385438,4:00 AM,email,still,home
0.16848470485738676,4:02 AM,whatsapp,still,home
0.17271567245223485,4:08 AM,email,still,home
0.17294322642556192,4:09 AM,whatsapp,still,home
0.17400840541029805,4:10 AM,email,still,home
0.1744759878782376,4:11 AM,email,still,home
0.17528987452913147,4:12 AM,email,still,home
0.1755205100824544,4:12 AM,whatsapp,still,home
0.17688483842798908,4:14 AM,whatsapp,still,home
0.17746458115539365,4:15 AM,whatsapp,still,home
0.17773638442983308,4:15 AM,email,still,home
0.17955250648335308,4:18 AM,whatsapp,still,home
0.17970364812402373,4:18 AM,whatsapp,still,home
0.18005867011351917,4:19 AM,whatsapp,still,home
0.1821628728525213,4:22 AM,whatsapp,still,home
0.18426288255152656,4:25 AM,email,still,home
0.18503925598286197,4:26 AM,email,still,home
0.1870565905826549,4:29 AM,whatsapp,still,home
0.18929829459421788,4:32 AM,email,still,home
0.19033801726277588,4:34 AM,whatsapp,still,home
0.19051345075920456,4:34 AM,whatsapp,still,home
0.191610410638257,4:35 AM,email,still,home
0.19304143913904925,4:37 AM,email,still,home
0.19439070627974608,4:39 AM,whatsapp,still,home
0.19461482885033088,4:40 AM,email,still,home
0.1952086889897673,4:41 AM,email,still,home
0.1959096149793742,4:42 AM,email,still,home
0.19673840717457225,4:43 AM,whatsapp,still,home
0.1970099191007082,4:43 AM,whatsapp,still,home
0.1972438737654032,4:44 AM,email,still,home
0.19759247303579752,4:44 AM,email,still,home
0.19861284589156358,4:46 AM,email,still,home
0.2009576138666297,4:49 AM,email,still,home
0.20118832694453836,4:49 AM,whatsapp,still,home
0.20252752155105747,4:51 AM,email,still,home
0.20569968583283682,4:56 AM,email,still,home
0.20604905174921362,4:56 AM,whatsapp,still,home
0.20749784274906302,4:58 AM,email,still,home
0.20839937151496968,5:00 AM,whatsapp,still,home
0.20901543726250593,5:00 AM,email,still,home
0.21008275682607813,5:02 AM,email,still,home
0.21061532945159112,5:03 AM,whatsapp,still,home
0.21124130978306732,5:04 AM,email,still,home
0.21511081126708653,5:09 AM,email,still,home
0.21635012961013167,5:11 AM,email,still,home
0.21672739368655025,5:12 AM,email,still,home
0.21777584019090002,5:13 AM,email,still,home
0.21841395131882146,5:14 AM,email,still,home
0.21909107976835152,5:15 AM,whatsapp,still,home
0.22127680079833767,5:18 AM,email,still,home
0.22285661525254408,5:20 AM,whatsapp,still,home
0.22450976668584732,5:23 AM,email,still,home
0.22602125428916708,5:25 AM,whatsapp,still,home
0.22760645316193784,5:27 AM,whatsapp,still,home
0.23259398243317386,5:34 AM,whatsapp,still,home
0.23284417532659163,5:35 AM,whatsapp,still,home
0.23499885915296126,5:38 AM,email,still,home
0.23607978118242157,5:39 AM,email,still,home
0.23693706811040816,5:41 AM,whatsapp,still,home
0.23917105230816782,5:44 AM,email,still,home
0.2411364457387093,5:47 AM,email,still,home
0.24168224439264763,5:48 AM,email,still,home
0.24258092701011202,5:49 AM,whatsapp,still,home
0.24306137917228132,5:50 AM,email,still,home
0.24307747630085308,5:50 AM,email,still,home
0.24534832940630613,5:53 AM,email,still,home
0.24681221018528632,5:55 AM,email,still,home
0.24880966417441963,5:58 AM,whatsapp,still,home
0.24892833638525602,5:58 AM,whatsapp,still,home
0.2508379600579015,6:01 AM,whatsapp,still,home
0.2519543570813131,6:02 AM,email,still,home
0.2538215604503662,6:05 AM,whatsapp,still,home
0.2546834756203318,6:06 AM,email,still,home
0.2573857692692505,6:10 AM,email,still,home
0.25805183326293546,6:11 AM,email,still,home
0.2584827863173129,6:12 AM,whatsapp,still,home
0.25850581523846605,6:12 AM,whatsapp,still,home
0.25919751415652015,6:13 AM,whatsapp,still,home
0.25971516303059083,6:13 AM,email,still,home
0.25977416796737496,6:14 AM,whatsapp,still,home
0.26014066843607986,6:14 AM,email,still,home
0.26126946689143193,6:16 AM,email,still,home
0.26194381482551077,6:17 AM,whatsapp,still,home
0.2624518145286293,6:17 AM,email,still,home
0.2638391171412108,6:19 AM,email,still,home
0.2653488491123993,6:22 AM,email,still,home
0.266099787703593,6:23 AM,email,still,home
0.2663243865712239,6:23 AM,whatsapp,still,home
0.2673117761966567,6:24 AM,whatsapp,still,home
0.26805881011340305,6:26 AM,whatsapp,still,home
0.2684538478498656,6:26 AM,whatsapp,still,home
0.27072430689283544,6:29 AM,whatsapp,still,home
0.2710506735942688,6:30 AM,whatsapp,still,home
0.27165257688338784,6:31 AM,whatsapp,still,home
0.273446728727582,6:33 AM,email,still,home
0.27369979228990815,6:34 AM,whatsapp,still,home
0.2748602306846999,6:35 AM,email,still,home
0.2749192169514497,6:35 AM,email,still,home
0.27563746972081915,6:36 AM,whatsapp,still,home
0.27591342509494177,6:37 AM,email,still,home
0.2764621456079641,6:38 AM,whatsapp,still,home
0.2774459354766935,6:39 AM,email,still,home
0.281710898498571,6:45 AM,whatsapp,still,home
0.28358330801431675,6:48 AM,whatsapp,still,home
0.2846457619326376,6:49 AM,whatsapp,still,home
0.2867987394676962,6:52 AM,whatsapp,still,home
0.28686411943921764,6:53 AM,whatsapp,still,home
0.28743768992992935,6:53 AM,whatsapp,still,home
0.2878749849717286,6:54 AM,email,still,home
0.28834927548243383,6:55 AM,whatsapp,still,home
0.2885751634673791,6:55 AM,email,still,home
0.2894301325788805,6:56 AM,email,still,home
0.2899406455451633,6:57 AM,email,still,home
0.29052974801271503,6:58 AM,email,still,home
0.29149726871721726,6:59 AM,whatsapp,still,home
0.29154780359416455,6:59 AM,whatsapp,still,home
0.29406025048464224,7:03 AM,email,still,home
0.2953437497988538,7:05 AM,email,still,home
0.2969049261260789,7:07 AM,whatsapp,still,home
0.2969676645058541,7:07 AM,email,still,home
0.2972554597024648,7:08 AM,whatsapp,still,home
0.2977268289374322,7:08 AM,email,still,home
0.298364374826506,7:09 AM,email,still,home
0.29891851905407085,7:10 AM,email,still,home
0.2998463925818554,7:11 AM,email,still,home
0.3015943828458302,7:14 AM,email,still,home
0.3018798207408325,7:14 AM,whatsapp,still,home
0.3022034900069748,7:15 AM,whatsapp,still,home
0.30234112918810485,7:15 AM,email,still,home
0.3035918649039523,7:17 AM,email,still,home
0.30440189669700446,7:18 AM,whatsapp,still,home
0.3052066881527471,7:19 AM,whatsapp,still,home
0.3057418456001063,7:20 AM,email,still,home
0.3071403264079887,7:22 AM,whatsapp,still,home
0.30744350275668475,7:22 AM,email,still,home
0.30858424531283013,7:24 AM,email,still,home
0.30944844525977244,7:25 AM,whatsapp,still,home
0.3108997692507618,7:27 AM,email,still,home
0.3119720771549588,7:29 AM,email,still,home
0.3122763960138447,7:29 AM,whatsapp,still,home
0.3133397210040474,7:31 AM,whatsapp,still,home
0.31350292054642925,7:31 AM,whatsapp,still,home
0.31651359370894117,7:35 AM,email,still,home
0.31846660969103546,7:38 AM,email,still,home
0.31955899083796513,7:40 AM,email,still,home
0.32026455011999777,7:41 AM,whatsapp,still,home
0.3217504514348293,7:43 AM,whatsapp,still,home
0.3234648521022695,7:45 AM,email,still,home
0.32358420782586395,7:45 AM,whatsapp,still,home
0.3242210502782824,7:46 AM,whatsapp,still,home
0.3244993137184191,7:47 AM,whatsapp,still,home
0.32489700229595486,7:47 AM,whatsapp,still,home
0.32498188008239415,7:47 AM,email,still,home
0.32664495660448134,7:50 AM,email,still,home
0.32828549877419644,7:52 AM,email,still,home
0.3289453607563553,7:53 AM,whatsapp,still,home
0.32938811174586113,7:54 AM,whatsapp,still,home
0.330329783025455,7:55 AM,email,still,home
0.33190958861273423,7:57 AM,email,still,home
0.3341096888934282,8:01 AM,whatsapp,still,home
0.33434447763299324,8:01 AM,whatsapp,still,home
0.3359398415805124,8:03 AM,whatsapp,still,home
0.3367547796278457,8:04 AM,email,still,home
0.33864713166579685,8:07 AM,email,still,home
0.33949995978834535,8:08 AM,email,still,home
0.3402864632601622,8:10 AM,whatsapp,still,home
0.3415317516776567,8:11 AM,whatsapp,still,home
0.3420174943901767,8:12 AM,whatsapp,still,home
0.34385323635724796,8:15 AM,whatsapp,still,home
0.3448882594343937,8:16 AM,email,still,home
0.3455471863549481,8:17 AM,whatsapp,still,home
0.34656406105947213,8:19 AM,email,still,home
0.34743247747628836,8:20 AM,whatsapp,still,home
0.3474778948442352,8:20 AM,whatsapp,still,home
0.34824278716383894,8:21 AM,email,still,home
0.3502669802087398,8:24 AM,email,still,home
0.35188894802306714,8:26 AM,email,still,home
0.3522871072614189,8:27 AM,email,still,home
0.3527787569695735,8:28 AM,whatsapp,still,home
0.3570755206335654,8:34 AM,whatsapp,still,home
0.3592266540505643,8:37 AM,whatsapp,still,home
0.3594186880406749,8:37 AM,whatsapp,still,home
0.3600970341123504,8:38 AM,email,still,home
0.36160131882676827,8:40 AM,whatsapp,still,home
0.3620577107354609,8:41 AM,whatsapp,still,home
0.36241676876111817,8:41 AM,email,still,home
0.3624653828011105,8:41 AM,email,still,home
0.36266151057567764,8:42 AM,whatsapp,still,home
0.3636635657510231,8:43 AM,email,still,home
0.3652363028179546,8:45 AM,email,still,home
0.36757466191388377,8:49 AM,email,still,home
0.36930423796912815,8:51 AM,whatsapp,still,home
0.37047044000669516,8:53 AM,email,still,home
0.3709811010410191,8:54 AM,email,still,home
0.3734395203054507,8:57 AM,email,still,home
0.3738526476130366,8:58 AM,whatsapp,still,home
0.37398814468579067,8:58 AM,email,still,home
0.37488955656618594,8:59 AM,whatsapp,still,home
0.37527365025035164,9:00 AM,whatsapp,still,home
0.3769446569077807,9:02 AM,email,still,home
0.37704980125160337,9:02 AM,whatsapp,still,home
0.37729708932190176,9:03 AM,email,still,home
0.37780764907197173,9:04 AM,whatsapp,still,home
0.37851131395894544,9:05 AM,whatsapp,still,home
0.37916072110267285,9:05 AM,email,still,home
0.3792346510840917,9:06 AM,whatsapp,still,home
0.3793592190649996,9:06 AM,whatsapp,still,home
0.38231604104491157,9:10 AM,whatsapp,still,home
0.3837538111090152,9:12 AM,email,still,home
0.3845116740377449,9:13 AM,email,still,home
0.3862412990260822,9:16 AM,whatsapp,still,home
0.38706245314621435,9:17 AM,email,still,home
0.387386758623506,9:17 AM,email,still,home
0.3891672748791627,9:20 AM,email,still,home
0.3893918112566195,9:20 AM,email,still,home
0.3902267429360492,9:21 AM,whatsapp,still,home
0.3957031338769905,9:29 AM,email,still,home
0.3987241054399818,9:34 AM,whatsapp,still,home
0.3987527012257114,9:34 AM,email,still,home
0.3988951127880451,9:34 AM,whatsapp,still,home
0.3999304939700168,9:35 AM,whatsapp,still,home
0.4024027955192361,9:39 AM,email,still,home
0.40318356357032425,9:40 AM,email,still,home
0.4035448694828513,9:41 AM,email,still,home
0.40383923381311915,9:41 AM,email,still,home
0.4047626330766537,9:42 AM,whatsapp,still,home
0.4049775684361594,9:43 AM,email,still,home
0.40669055421908085,9:45 AM,whatsapp,still,home
0.4069647202819081,9:46 AM,email,still,home
0.4085851537276546,9:48 AM,email,still,home
0.40920764357434436,9:49 AM,email,still,home
0.409702084272463,9:49 AM,whatsapp,still,home
0.41090537028060015,9:51 AM,whatsapp,still,home
0.41194720231354043,9:53 AM,email,still,home
0.41228979645981645,9:53 AM,whatsapp,still,home
0.4158337164807945,9:58 AM,whatsapp,still,home
0.41636859168256224,9:59 AM,whatsapp,still,home
0.41661861259433575,9:59 AM,whatsapp,still,home
0.41679424345902993,10:00 AM,email,still,home
0.41731358473318214,10:00 AM,whatsapp,still,home
0.41928646047682394,10:03 AM,whatsapp,still,home
0.41971486806918035,10:04 AM,email,still,home
0.41973179064576505,10:04 AM,email,still,home
0.4200511037534431,10:04 AM,whatsapp,still,home
0.4204636540679313,10:05 AM,email,still,home
0.42099956372574754,10:06 AM,whatsapp,still,home
0.42169988759230626,10:07 AM,whatsapp,still,home
0.42175520341645556,10:07 AM,whatsapp,still,home
0.4234073054699822,10:09 AM,email,still,home
0.4235459983828711,10:09 AM,email,still,home
0.4253531190537191,10:12 AM,whatsapp,still,home
0.4261669285544488,10:13 AM,whatsapp,still,home
0.4263139992936602,10:13 AM,whatsapp,still,home
0.42634773678466886,10:13 AM,email,still,home
0.4270395104396,10:14 AM,whatsapp,still,home
0.4273338249966142,10:15 AM,email,still,home
0.42880357406217806,10:17 AM,whatsapp,still,home
0.4290370798401779,10:17 AM,email,still,home
0.4295066154728453,10:18 AM,whatsapp,still,home
0.43102471686657373,10:20 AM,whatsapp,still,home
0.43120397429649526,10:20 AM,whatsapp,still,home
0.4324249332511274,10:22 AM,email,still,home
0.4327796048456134,10:23 AM,email,still,home
0.435642901576751,10:27 AM,email,still,home
0.4361920590931019,10:28 AM,email,still,home
0.43990075082898117,10:33 AM,whatsapp,still,home
0.4407809152700236,10:34 AM,email,still,home
0.4409101253134604,10:34 AM,whatsapp,still,home
0.4420511563101688,10:36 AM,email,still,home
0.4436866589898487,10:38 AM,email,still,home
0.4437092680108581,10:38 AM,email,still,home
0.445564817976563,10:41 AM,email,still,home
0.4459466034859416,10:42 AM,whatsapp,still,home
0.4477160553850891,10:44 AM,email,still,home
0.4479636201308266,10:45 AM,email,still,home
0.4480763266044311,10:45 AM,email,still,home
0.44920490415928604,10:46 AM,whatsapp,still,home
0.449360458236994,10:47 AM,whatsapp,still,home
0.44973478019180413,10:47 AM,whatsapp,still,home
0.451452880525521,10:50 AM,email,still,home
0.45158611936215,10:50 AM,whatsapp,still,home
0.4525456391508528,10:51 AM,whatsapp,still,home
0.4528581367006307,10:52 AM,whatsapp,still,home
0.4536248250776095,10:53 AM,whatsapp,still,home
0.4537712513199067,10:53 AM,whatsapp,still,home
0.45420584098651196,10:54 AM,email,still,home
0.454232472466803,10:54 AM,whatsapp,still,home
0.45490687919834627,10:55 AM,email,still,home
0.45510572802154314,10:55 AM,email,still,home
0.4557604396764503,10:56 AM,email,still,home
0.45630269109328525,10:57 AM,whatsapp,still,home
0.4569051905037753,10:57 AM,email,still,home
0.4578727626550749,10:59 AM,email,still,home
0.4588731686935985,11:00 AM,email,walking,unknown
0.45936502096634824,11:01 AM,email,walking,unknown
0.4600323487627934,11:02 AM,email,walking,unknown
0.4605992262097026,11:03 AM,whatsapp,running,unknown
0.46110600156097814,11:03 AM,whatsapp,running,unknown
0.46740430729429416,11:13 AM,email,walking,university
0.4675967296428484,11:13 AM,email,still,university
0.467760042920375,11:13 AM,whatsapp,still,university
0.4679188896568728,11:13 AM,email,still,university
0.4694766925895687,11:16 AM,email,walking,university
0.47189650177167997,11:19 AM,email,still,university
0.47776008339146525,11:27 AM,email,still,university
0.477816476799759,11:28 AM,email,still,university
0.47915008513544244,11:29 AM,email,walking,university
0.48091923640802736,11:32 AM,whatsapp,walking,university
0.4812750443550534,11:33 AM,whatsapp,walking,university
0.48179945345874353,11:33 AM,whatsapp,still,university
0.4826147736309203,11:34 AM,whatsapp,still,university
0.48346050942324037,11:36 AM,whatsapp,still,university
0.4838448197995663,11:36 AM,whatsapp,still,university
0.48485198790393147,11:38 AM,whatsapp,still,university
0.4863175125842213,11:40 AM,email,walking,university
0.4864244117025732,11:40 AM,email,walking,university
0.4867994696020044,11:40 AM,email,still,university
0.4878081397465688,11:42 AM,whatsapp,still,university
0.48858449790422154,11:43 AM,whatsapp,still,university
0.48873897835911484,11:43 AM,whatsapp,still,university
0.49029709849655867,11:46 AM,email,walking,university
0.49121189983821756,11:47 AM,whatsapp,still,university
0.4929864574272419,11:49 AM,whatsapp,still,university
0.4930800209928915,11:50 AM,email,still,university
0.4933537740901379,11:50 AM,whatsapp,walking,university
0.49418815204689226,11:51 AM,whatsapp,walking,university
0.49454431509990715,11:52 AM,whatsapp,still,university
0.49461293955453955,11:52 AM,email,walking,university
0.49652799746370224,11:55 AM,email,still,university
0.496984995314531,11:55 AM,whatsapp,still,university
0.4987327212717183,11:58 AM,email,still,university
0.5026990905648197,12:03 PM,whatsapp,still,university
0.5031049124615555,12:04 PM,email,walking,university
0.5040512940745007,12:05 PM,whatsapp,still,university
0.5042139551147533,12:06 PM,email,walking,university
0.504656402825184,12:06 PM,whatsapp,still,university
0.5056336610940282,12:08 PM,email,still,university
0.5060053013390678,12:08 PM,whatsapp,still,university
0.5063626407999625,12:09 PM,whatsapp,still,university
0.5067188682501121,12:09 PM,whatsapp,still,university
0.5068964691727754,12:09 PM,whatsapp,walking,university
0.5078993044479889,12:11 PM,whatsapp,still,university
0.5083824391642313,12:12 PM,whatsapp,walking,university
0.5090231281283469,12:12 PM,email,still,university
0.5100375896427964,12:14 PM,email,still,university
0.5116765319510279,12:16 PM,whatsapp,still,university
0.5156062667872959,12:22 PM,whatsapp,still,university
0.5166021177195038,12:23 PM,whatsapp,still,university
0.5166040555089686,12:23 PM,email,still,university
0.5176650592079267,12:25 PM,email,still,university
0.5191487221351219,12:27 PM,whatsapp,walking,university
0.519641880900279,12:28 PM,whatsapp,still,university
0.520430929986048,12:29 PM,email,still,university
0.5208370192734816,12:30 PM,whatsapp,walking,university
0.5210893349860379,12:30 PM,email,still,university
0.5261485773584801,12:37 PM,whatsapp,still,university
0.5263215534760641,12:37 PM,whatsapp,still,university
0.5268897369860457,12:38 PM,whatsapp,walking,university
0.5273197264936639,12:39 PM,whatsapp,walking,university
0.5275150617125882,12:39 PM,email,walking,university
0.5294906633563866,12:42 PM,whatsapp,still,university
0.5309757996355755,12:44 PM,whatsapp,walking,university
0.5315140895963206,12:45 PM,email,still,university
0.5316798259539061,12:45 PM,whatsapp,still,university
0.5325324617079613,12:46 PM,email,walking,university
0.5326618563000195,12:47 PM,email,still,university
0.5333033951893332,12:47 PM,email,still,university
0.5339264654466546,12:48 PM,whatsapp,walking,university
0.5362564009094549,12:52 PM,email,still,university
0.5385730415566045,12:55 PM,email,still,university
0.5389472980527941,12:56 PM,whatsapp,walking,university
0.5422790463521682,1:00 PM,whatsapp,still,university
0.5424534897976858,1:01 PM,whatsapp,still,university
0.5441573188666091,1:03 PM,email,still,university
0.547177741937078,1:07 PM,email,still,university
0.5472111475022696,1:07 PM,whatsapp,walking,university
0.5474923943701572,1:08 PM,whatsapp,still,university
0.5484610786934996,1:09 PM,whatsapp,walking,university
0.5506523821027289,1:12 PM,whatsapp,still,university
0.5514726650470786,1:14 PM,email,walking,university
0.5516757364887616,1:14 PM,whatsapp,still,university
0.5516968396295614,1:14 PM,whatsapp,still,university
0.5517483033207614,1:14 PM,whatsapp,still,university
0.5519379210910522,1:14 PM,email,still,university
0.5532671507313514,1:16 PM,whatsapp,still,university
0.5567397309166512,1:21 PM,email,still,university
0.5590921692970406,1:25 PM,email,walking,university
0.5602626216013485,1:26 PM,email,walking,university
0.561066750108098,1:27 PM,email,still,university
0.5648193300259827,1:33 PM,whatsapp,still,university
0.5649914385260545,1:33 PM,whatsapp,still,university
0.5651866249840625,1:33 PM,email,still,university
0.5653332142543572,1:34 PM,email,still,university
0.5653377705935769,1:34 PM,whatsapp,still,university
0.5655083746954003,1:34 PM,whatsapp,still,university
0.5656339284338878,1:34 PM,whatsapp,still,university
0.5680083170247048,1:37 PM,email,still,university
0.5686592190564232,1:38 PM,whatsapp,still,university
0.5696763707345237,1:40 PM,email,walking,university
0.5704268533343341,1:41 PM,whatsapp,walking,university
0.5704517989568465,1:41 PM,whatsapp,walking,university
0.5726838906117384,1:44 PM,whatsapp,still,university
0.5731841287556813,1:45 PM,whatsapp,still,university
0.5732962140983242,1:45 PM,whatsapp,still,university
0.573834931787779,1:46 PM,email,still,university
0.5743820998316896,1:47 PM,whatsapp,still,university
0.5750193804520302,1:48 PM,whatsapp,still,university
0.575149367912081,1:48 PM,email,still,university
0.5760871795833539,1:49 PM,email,walking,university
0.5769346269573604,1:50 PM,email,still,university
0.5773523249724177,1:51 PM,email,still,university
0.5776093366415403,1:51 PM,whatsapp,still,university
0.5781644499057914,1:52 PM,email,walking,university
0.5840262464493995,2:00 PM,whatsapp,walking,university
0.5843956090226771,2:01 PM,email,walking,university
0.5850975687707379,2:02 PM,whatsapp,still,university
0.5856630809643565,2:03 PM,whatsapp,walking,university
0.5869004892462492,2:05 PM,email,still,university
0.5871488926210373,2:05 PM,email,walking,university
0.5891649548027348,2:08 PM,whatsapp,still,university
0.5902124652597196,2:09 PM,whatsapp,still,university
0.5903688682553835,2:10 PM,email,still,university
0.5908372205704485,2:10 PM,whatsapp,still,university
0.5914629821224506,2:11 PM,whatsapp,walking,university
0.5915584359942865,2:11 PM,whatsapp,walking,university
0.5934018352545639,2:14 PM,email,still,university
0.5942661685807649,2:15 PM,whatsapp,still,university
0.5959199915448884,2:18 PM,email,walking,university
0.5963086137903355,2:18 PM,whatsapp,still,university
0.5968650062497037,2:19 PM,email,walking,university
0.5983058719465983,2:21 PM,whatsapp,still,university
0.5984673113867636,2:21 PM,whatsapp,walking,university
0.5987601307805295,2:22 PM,email,walking,university
0.5990253408683724,2:22 PM,whatsapp,still,university
0.5994101583499435,2:23 PM,whatsapp,still,university
0.599796676902795,2:23 PM,email,still,university
0.6011083320754165,2:25 PM,whatsapp,still,university
0.6026612486591959,2:27 PM,email,still,university
0.6061045865442504,2:32 PM,whatsapp,still,university
0.606179069688142,2:32 PM,whatsapp,still,university
0.6061910655910961,2:32 PM,email,still,university
0.6063772443738182,2:33 PM,whatsapp,still,university
0.6075186454723595,2:34 PM,whatsapp,walking,university
0.607674514943076,2:35 PM,email,still,university
0.6085711947458217,2:36 PM,email,walking,university
0.6104039548090946,2:38 PM,email,walking,university
0.6116936458664717,2:40 PM,whatsapp,walking,university
0.612377913241611,2:41 PM,email,walking,university
0.6125279155827625,2:42 PM,email,still,university
0.6141597618965542,2:44 PM,email,still,university
0.6157105354411818,2:46 PM,whatsapp,still,university
0.6170752628607468,2:48 PM,email,still,university
0.6172647903633346,2:48 PM,whatsapp,still,university
0.6173854447392587,2:49 PM,whatsapp,still,university
0.6205251481860575,2:53 PM,whatsapp,still,university
0.6207775958862374,2:53 PM,whatsapp,walking,university
0.6230934766316573,2:57 PM,whatsapp,walking,university
0.6231985001778314,2:57 PM,email,walking,university
0.6238910450421883,2:58 PM,whatsapp,still,university
0.6244950373142074,2:59 PM,email,still,university
0.6252480645697487,3:00 PM,whatsapp,still,university
0.6267861381280425,3:02 PM,email,still,university
0.6296155923819777,3:06 PM,whatsapp,still,university
0.630090017764851,3:07 PM,whatsapp,walking,university
0.6319729974066943,3:10 PM,whatsapp,walking,university
0.633597695769242,3:12 PM,email,still,university
0.6340367306521443,3:13 PM,whatsapp,still,university
0.634706697364766,3:13 PM,email,walking,university
0.6369656405793739,3:17 PM,email,still,university
0.6396588127681746,3:21 PM,whatsapp,still,university
0.6396986465250574,3:21 PM,email,walking,university
0.6400201099926229,3:21 PM,email,still,university
0.6405938311111568,3:22 PM,whatsapp,still,university
0.6417752035347816,3:24 PM,email,still,university
0.6425162092211513,3:25 PM,whatsapp,still,university
0.6435551599856495,3:26 PM,whatsapp,still,university
0.6444462942995718,3:28 PM,email,still,university
0.6447917625782355,3:28 PM,email,still,university
0.6469094177291222,3:31 PM,email,still,university
0.6486221606830205,3:34 PM,whatsapp,walking,university
0.6505278122717797,3:36 PM,whatsapp,still,university
0.6537357307610719,3:41 PM,email,walking,university
0.6538038563070383,3:41 PM,email,still,university
0.655539046367467,3:43 PM,email,walking,university
0.655774372845722,3:44 PM,whatsapp,still,university
0.6581845214903727,3:47 PM,email,still,university
0.6602875520638423,3:50 PM,email,still,university
0.662172127671556,3:53 PM,whatsapp,still,university
0.6625385317651971,3:54 PM,email,still,university
0.6634134653308276,3:55 PM,email,still,university
0.665497887120354,3:58 PM,email,still,university
0.6667015956765957,4:00 PM,email,still,university
0.6667285502206203,4:00 PM,email,still,university
0.667294735448861,4:00 PM,email,walking,university
0.6685789879160521,4:02 PM,email,still,university
0.6687394975665798,4:02 PM,email,still,university
0.6689749821445476,4:03 PM,email,walking,university
0.6702330485081393,4:05 PM,whatsapp,still,university
0.6702665170334408,4:05 PM,whatsapp,still,university
0.6715736726117439,4:07 PM,whatsapp,walking,university
0.6729004935015767,4:08 PM,email,walking,university
0.6747925987650439,4:11 PM,email,still,university
0.6807278626650823,4:20 PM,email,walking,university
0.6815522219924643,4:21 PM,email,still,university
0.682264023571804,4:22 PM,email,still,university
0.6856273856486863,4:27 PM,email,walking,university
0.6867834457466239,4:28 PM,whatsapp,still,university
0.6885466978083224,4:31 PM,whatsapp,walking,university
0.6891438721562424,4:32 PM,email,walking,university
0.6891655378173276,4:32 PM,whatsapp,still,university
0.6897210754263929,4:33 PM,email,still,university
0.6922056622506312,4:36 PM,whatsapp,still,university
0.692266343888899,4:36 PM,email,walking,university
0.6938279606455268,4:39 PM,whatsapp,still,university
0.6939752820711896,4:39 PM,whatsapp,still,university
0.6946654768027671,4:40 PM,email,walking,university
0.69516112370408,4:41 PM,email,still,university
0.6959305777985475,4:42 PM,email,walking,university
0.697116722690387,4:43 PM,email,walking,university
0.6977866670487929,4:44 PM,email,still,university
0.6984662105559748,4:45 PM,whatsapp,walking,university
0.7007810006151345,4:49 PM,whatsapp,still,university
0.7032773354117398,4:52 PM,whatsapp,still,university
0.7038223346715003,4:53 PM,email,walking,university
0.7039821979339831,4:53 PM,email,still,university
0.708040285841482,4:59 PM,email,still,university
0.70841943996482,5:00 PM,whatsapp,still,university
0.7086731169196462,5:00 PM,email,still,university
0.7092369853834734,5:01 PM,whatsapp,still,university
0.7093522697218982,5:01 PM,email,still,university
0.7107300723446932,5:03 PM,email,walking,university
0.7112716239191723,5:04 PM,email,still,university
0.7117808015085458,5:04 PM,email,still,university
0.7129139667821461,5:06 PM,whatsapp,walking,university
0.71409934073745,5:08 PM,whatsapp,still,university
0.7153127523213042,5:10 PM,email,still,university
0.7161260998062533,5:11 PM,email,still,university
0.7164693948039333,5:11 PM,whatsapp,still,university
0.7171179841715534,5:12 PM,whatsapp,walking,university
0.7191194553240455,5:15 PM,email,still,university
0.7205120485450118,5:17 PM,whatsapp,walking,university
0.7205814922266365,5:17 PM,whatsapp,still,university
0.7209608329569765,5:18 PM,email,walking,university
0.7212334674462757,5:18 PM,whatsapp,still,university
0.7214029220214335,5:18 PM,whatsapp,still,university
0.7227659195218878,5:20 PM,whatsapp,still,university
0.7230984426042107,5:21 PM,email,still,university
0.7244004347529355,5:23 PM,email,still,university
0.7245163577160746,5:23 PM,whatsapp,walking,university
0.7255451436076983,5:24 PM,whatsapp,still,university
0.7256165552004596,5:24 PM,whatsapp,walking,university
0.7264281274574685,5:26 PM,whatsapp,walking,university
0.7271511705471873,5:27 PM,email,still,university
0.727853037501964,5:28 PM,whatsapp,still,university
0.7279179368507097,5:28 PM,whatsapp,walking,university
0.7279278288624527,5:28 PM,whatsapp,still,university
0.728421614082763,5:28 PM,email,still,university
0.7299362455692184,5:31 PM,email,still,university
0.7318298965836915,5:33 PM,email,still,university
0.7318346548689676,5:33 PM,whatsapp,still,university
0.7323249896041187,5:34 PM,email,still,university
0.7339958106199478,5:36 PM,email,still,university
0.7360295364594964,5:39 PM,whatsapp,still,university
0.7365385090580666,5:40 PM,email,still,university
0.7379228284460488,5:42 PM,email,walking,university
0.7384190488696082,5:43 PM,email,still,university
0.7385064087291396,5:43 PM,whatsapp,still,university
0.740989417022242,5:47 PM,whatsapp,walking,university
0.7423350168186751,5:48 PM,whatsapp,still,university
0.7424275850131786,5:49 PM,email,walking,university
0.7453159109091904,5:53 PM,email,still,university
0.7459977667546649,5:54 PM,email,still,university
0.7468910133147411,5:55 PM,email,still,university
0.7471562751862676,5:55 PM,email,walking,university
0.7483840614505521,5:57 PM,email,still,university
0.7490282930321128,5:58 PM,whatsapp,still,university
0.7496652795894444,5:59 PM,email,walking,university
0.7502300563724078,6:00 PM,whatsapp,walking,unknown
0.7506947878620791,6:01 PM,email,walking,unknown
0.7525023023918822,6:03 PM,email,walking,unknown
0.75432403174053,6:06 PM,whatsapp,walking,unknown
0.7545546062415778,6:06 PM,whatsapp,running,unknown
0.7546365519159823,6:06 PM,email,walking,unknown
0.7547554560027178,6:06 PM,whatsapp,running,unknown
0.7547940181300893,6:06 PM,email,walking,unknown
0.755087776817023,6:07 PM,email,walking,unknown
0.7563924271175293,6:09 PM,email,walking,unknown
0.758754481625048,6:12 PM,whatsapp,running,unknown
0.7588663910398057,6:12 PM,email,running,unknown
0.7595798297632815,6:13 PM,whatsapp,running,unknown
0.7606995114761437,6:15 PM,email,walking,unknown
0.7613116551067975,6:16 PM,email,running,unknown
0.7632708805982388,6:19 PM,email,walking,unknown
0.7636148285985632,6:19 PM,email,walking,unknown
0.7639414148241979,6:20 PM,whatsapp,walking,unknown
0.7642214659188546,6:20 PM,whatsapp,running,unknown
0.7670708072192725,6:24 PM,email,still,library
0.7710070485496096,6:30 PM,whatsapp,still,library
0.7710483460279263,6:30 PM,whatsapp,still,library
0.7719819335595371,6:31 PM,email,still,library
0.7720858527390433,6:31 PM,whatsapp,still,library
0.7722110584870279,6:31 PM,whatsapp,still,library
0.7742267616237104,6:34 PM,whatsapp,still,library
0.7746460277007146,6:35 PM,email,still,library
0.7751840488584117,6:36 PM,whatsapp,still,library
0.7755359823619353,6:36 PM,whatsapp,still,library
0.7776350051193214,6:39 PM,whatsapp,walking,library
0.7783404093292804,6:40 PM,email,still,library
0.7815410854234427,6:45 PM,whatsapp,walking,library
0.7818664789859522,6:45 PM,whatsapp,still,library
0.7819057316654576,6:45 PM,whatsapp,still,library
0.783999440133735,6:48 PM,email,still,library
0.7873280984028637,6:53 PM,whatsapp,still,library
0.788992739605155,6:56 PM,whatsapp,still,library
0.7891062923583565,6:56 PM,email,still,library
0.790515364464511,6:58 PM,whatsapp,still,library
0.7906911972841877,6:58 PM,whatsapp,still,library
0.7913429542796236,6:59 PM,email,still,library
0.7919134494719859,7:00 PM,email,still,library
0.7951477246522572,7:05 PM,email,still,library
0.7972077253555221,7:07 PM,whatsapp,walking,library
0.7977622962826814,7:08 PM,email,still,library
0.798618451626234,7:10 PM,email,still,library
0.798818157118962,7:10 PM,whatsapp,still,library
0.7990985743895579,7:10 PM,whatsapp,still,library
0.8004351236041117,7:12 PM,email,walking,library
0.8019308599379541,7:14 PM,whatsapp,still,library
0.8026096591918103,7:15 PM,whatsapp,still,library
0.8043097930136313,7:18 PM,whatsapp,still,library
0.8050412635804274,7:19 PM,email,still,library
0.8053682000419037,7:19 PM,whatsapp,walking,library
0.805897428696666,7:20 PM,email,still,library
0.80726686630078,7:22 PM,email,walking,library
0.8073323750474583,7:22 PM,email,still,library
0.8075004380905931,7:22 PM,whatsapp,still,library
0.8075479446476219,7:22 PM,whatsapp,still,library
0.8076620393280701,7:23 PM,whatsapp,still,library
0.807755733385539,7:23 PM,whatsapp,still,library
0.8079018208963469,7:23 PM,whatsapp,still,library
0.8082680494975025,7:23 PM,whatsapp,still,library
0.810031120024535,7:26 PM,email,still,library
0.8102007939562411,7:26 PM,email,still,library
0.8129130398185255,7:30 PM,email,still,library
0.8136790636440226,7:31 PM,whatsapp,still,library
0.8138814576720566,7:31 PM,whatsapp,still,library
0.8150314451645532,7:33 PM,whatsapp,walking,library
0.8151369131140351,7:33 PM,whatsapp,still,library
0.8156709626475231,7:34 PM,email,still,library
0.8182875691159683,7:38 PM,email,still,library
0.8183318062037277,7:38 PM,email,still,library
0.8213321060352723,7:42 PM,whatsapp,still,library
0.821873801812943,7:43 PM,email,still,library
0.8227092710469509,7:44 PM,email,still,library
0.823895362869402,7:46 PM,whatsapp,still,library
0.8244680665782343,7:47 PM,email,still,library
0.825034182419076,7:48 PM,whatsapp,still,library
0.8250500377277966,7:48 PM,whatsapp,walking,library
0.8252631435541943,7:48 PM,email,still,library
0.8256980826128983,7:49 PM,whatsapp,still,library
0.8269760882389784,7:50 PM,whatsapp,still,library
0.8276578162354513,7:51 PM,whatsapp,walking,library
0.8284120720316023,7:52 PM,email,still,library
0.8292078619708255,7:54 PM,email,still,library
0.8293088808755703,7:54 PM,email,still,library
0.829359918856885,7:54 PM,whatsapp,still,library
0.829379761840154,7:54 PM,email,still,library
0.8295984328232074,7:54 PM,whatsapp,still,library
0.8314405166087087,7:57 PM,whatsapp,still,library
0.8317954789827811,7:57 PM,whatsapp,still,library
0.8322632941505269,7:58 PM,whatsapp,still,library
0.832704509624094,7:59 PM,whatsapp,still,library
0.8338139962475835,8:00 PM,whatsapp,still,home
0.833976406573883,8:00 PM,email,still,home
0.8363579123922044,8:04 PM,whatsapp,still,home
0.8375452788793599,8:06 PM,email,still,home
0.8378735914799683,8:06 PM,whatsapp,still,home
0.8388019716495675,8:07 PM,whatsapp,still,home
0.8406375020253428,8:10 PM,whatsapp,still,home
0.8415918767478937,8:11 PM,email,still,home
0.8428626984391493,8:13 PM,whatsapp,still,home
0.8429431431077431,8:13 PM,whatsapp,still,home
0.8439732364431736,8:15 PM,whatsapp,still,home
0.845139961988316,8:17 PM,whatsapp,still,home
0.8483161615045569,8:21 PM,email,still,home
0.8488199662909239,8:22 PM,email,still,home
0.8491227362231102,8:22 PM,email,still,home
0.8499212677490966,8:23 PM,whatsapp,still,home
0.8501868015034852,8:24 PM,email,still,home
0.8547762619028713,8:30 PM,email,still,home
0.8552264586032743,8:31 PM,whatsapp,still,home
0.8576337820726645,8:34 PM,whatsapp,still,home
0.8581355876829942,8:35 PM,whatsapp,still,home
0.859478583780226,8:37 PM,whatsapp,still,home
0.8598712396084169,8:38 PM,whatsapp,still,home
0.862400268111661,8:41 PM,whatsapp,still,home
0.8639735062398093,8:44 PM,whatsapp,still,home
0.8650842857114002,8:45 PM,whatsapp,still,home
0.865571848998028,8:46 PM,email,still,home
0.8656314035813486,8:46 PM,email,still,home
0.8664647375216871,8:47 PM,email,still,home
0.8684600716081146,8:50 PM,email,still,home
0.8686204772926552,8:50 PM,whatsapp,still,home
0.872720023872895,8:56 PM,email,still,home
0.8732899964158319,8:57 PM,whatsapp,still,home
0.8736474701607022,8:58 PM,email,still,home
0.874188184192367,8:58 PM,email,still,home
0.8753267274919528,9:00 PM,whatsapp,still,home
0.875464179304092,9:00 PM,whatsapp,still,home
0.8756255682054017,9:00 PM,email,still,home
0.8763548597435423,9:01 PM,whatsapp,still,home
0.8774128135480286,9:03 PM,email,still,home
0.8798318814026123,9:06 PM,email,still,home
0.8805560978692308,9:08 PM,whatsapp,still,home
0.8811077429290004,9:08 PM,whatsapp,still,home
0.8816397787710237,9:09 PM,email,still,home
0.8816627194592609,9:09 PM,email,still,home
0.8840518776759899,9:13 PM,email,still,home
0.884346551270942,9:13 PM,whatsapp,still,home
0.8853717532275825,9:14 PM,email,still,home
0.8855083289061102,9:15 PM,whatsapp,still,home
0.8869562979100832,9:17 PM,email,still,home
0.8876929191544735,9:18 PM,email,still,home
0.8888145567937544,9:19 PM,email,still,home
0.893026190432015,9:25 PM,email,still,home
0.8930602871421303,9:26 PM,email,still,home
0.8939365051438306,9:27 PM,email,still,home
0.8944313029018717,9:27 PM,whatsapp,still,home
0.894627602846927,9:28 PM,email,still,home
0.8947947115740715,9:28 PM,whatsapp,still,home
0.8975509038590402,9:32 PM,email,still,home
0.898551995798576,9:33 PM,whatsapp,still,home
0.8986408883028643,9:34 PM,whatsapp,still,home
0.8999313289150541,9:35 PM,email,still,home
0.900866292150709,9:37 PM,email,still,home
0.9013413767735956,9:37 PM,email,still,home
0.905008428211949,9:43 PM,email,still,home
0.906067906887726,9:44 PM,email,still,home
0.9061758564102526,9:44 PM,email,still,home
0.907033148956524,9:46 PM,email,still,home
0.9078231771565798,9:47 PM,whatsapp,still,home
0.9078535217081616,9:47 PM,whatsapp,still,home
0.9086691255923918,9:48 PM,whatsapp,still,home
0.9088471006009676,9:48 PM,email,still,home
0.909075189975369,9:49 PM,email,still,home
0.9090977411574798,9:49 PM,email,still,home
0.9097667184621052,9:50 PM,email,still,home
0.9138776698668665,9:55 PM,whatsapp,still,home
0.9140858148642287,9:56 PM,email,still,home
0.9158366886231679,9:58 PM,whatsapp,still,home
0.9162607983374408,9:59 PM,email,still,home
0.9166958027022231,10:00 PM,whatsapp,still,home
0.9170973750301658,10:00 PM,whatsapp,still,home
0.919933548703561,10:04 PM,whatsapp,still,home
0.9200386194573585,10:04 PM,email,still,home
0.9204830733170087,10:05 PM,email,still,home
0.9207678609052138,10:05 PM,email,still,home
0.920802316003288,10:05 PM,email,still,home
0.9210603631322964,10:06 PM,email,still,home
0.9213855410634968,10:06 PM,whatsapp,still,home
0.9220993544602124,10:07 PM,whatsapp,still,home
0.925883356623879,10:13 PM,email,still,home
0.9267548960918338,10:14 PM,whatsapp,still,home
0.9269949792445227,10:14 PM,email,still,home
0.9280151749475665,10:16 PM,email,still,home
0.9284355500281285,10:16 PM,whatsapp,still,home
0.9304924210736982,10:19 PM,whatsapp,still,home
0.9323208556654552,10:22 PM,email,still,home
0.9323291100866961,10:22 PM,email,still,home
0.9324529663116922,10:22 PM,email,still,home
0.9351921665231154,10:26 PM,whatsapp,still,home
0.9355530610551702,10:27 PM,email,still,home
0.9358117866167089,10:27 PM,email,still,home
0.9363625704455378,10:28 PM,email,still,home
0.9380948368317877,10:30 PM,whatsapp,still,home
0.9385577135241776,10:31 PM,whatsapp,still,home
0.9421463371019918,10:36 PM,whatsapp,still,home
0.9432076092894829,10:38 PM,whatsapp,still,home
0.9454517663146214,10:41 PM,email,still,home
0.9465440465766811,10:43 PM,email,still,home
0.9481939936373349,10:45 PM,email,still,home
0.9483847652129299,10:45 PM,email,still,home
0.949413111317589,10:47 PM,whatsapp,still,home
0.9514758394875095,10:50 PM,whatsapp,still,home
0.9532049974630991,10:52 PM,email,still,home
0.9557454383343736,10:56 PM,email,still,home
0.9567845804946847,10:57 PM,whatsapp,still,home
0.957806457824986,10:59 PM,email,still,home
0.96054105302107,11:03 PM,email,still,home
0.9608777443258729,11:03 PM,email,still,home
0.9624188937068076,11:05 PM,whatsapp,still,home
0.964765365632144,11:09 PM,whatsapp,still,home
0.9672827953868726,11:12 PM,email,still,home
0.9679654309975442,11:13 PM,whatsapp,still,home
0.9680989040496423,11:14 PM,email,still,home
0.9690426151776017,11:15 PM,email,still,home
0.9699227364632406,11:16 PM,email,still,home
0.9722679714592692,11:20 PM,email,still,home
0.9727803175472557,11:20 PM,whatsapp,still,home
0.9730764140752877,11:21 PM,email,still,home
0.9739446505565194,11:22 PM,email,still,home
0.9845418323683996,11:37 PM,email,still,home
0.9851128204745279,11:38 PM,whatsapp,still,home
0.9866276065560206,11:40 PM,whatsapp,still,home
0.9873822085598861,11:41 PM,whatsapp,still,home
0.9878714588479801,11:42 PM,whatsapp,still,home
0.9883193541925479,11:43 PM,whatsapp,still,home
0.9887598188892627,11:43 PM,email,still,home
0.9899412217621586,11:45 PM,email,still,home
0.9899610538351514,11:45 PM,email,still,home
0.993281821441148,11:50 PM,whatsapp,still,home
0.994054578489644,11:51 PM,whatsapp,still,home
0.994530519486083,11:52 PM,whatsapp,still,home
0.994641833430662,11:52 PM,email,still,home
0.9953531914511761,11:53 PM,whatsapp,still,home
0.9957737958297029,11:53 PM,email,still,home
0.9965620296905321,11:55 PM,email,still,home
0.9992983221763693,11:58 PM,email,still,home
